<?xml version="1.0" encoding="utf-8"?>
<!--/16602269/1593335/2.50/18/2/Connector/-->
<quadcept_library>
  <setting unit="mil" />
  <textstyle name="Default" height="47.244094488189" strokewidth="7.8740157480315" charwidth="47.244094488189" />
  <textstyle name="Dimension" height="19.6850393700787" strokewidth="0" charwidth="19.6850393700787" />
  <textstyle name="H127W0635TH00762" height="50" strokewidth="3" charwidth="25" />
  <textstyle name="H15W15TH02" height="59.0551181102362" strokewidth="7.8740157480315" charwidth="59.0551181102362" />
  <padstyle name="r80_30" surface="True" plated="False" isvia="False" nopaste="False" nomask="True" complex="False" holesize="0">
    <padshape layer="TOP" shape="rectangle" width="11.811023622047" height="31.496062992126" />
    <padshape layer="TOP_SOLDER_MASK" shape="rectangle" width="19.685039370078" height="39.370078740157" />
    <padshape layer="TOP_SOLDER_PASTE" shape="rectangle" width="11.811023622047" height="31.496062992126" />
  </padstyle>
  <padstyle name="r80_40" surface="True" plated="False" isvia="False" nopaste="False" nomask="True" complex="False" holesize="0">
    <padshape layer="TOP" shape="rectangle" width="15.748031496063" height="31.496062992126" />
    <padshape layer="TOP_SOLDER_MASK" shape="rectangle" width="23.622047244094" height="39.370078740157" />
    <padshape layer="TOP_SOLDER_PASTE" shape="rectangle" width="15.748031496063" height="31.496062992126" />
  </padstyle>
  <footprint name="F3311A7H121016E200" originx="0" originy="0" pickpointx="0" pickpointy="0">
    <pcbpin number="1" name="1" style="r80_30" originx="-147.63779527559" originy="60.039370078739" rotation="0" />
    <pcbpin number="2" name="2" style="r80_30" originx="-127.95275590551" originy="60.039370078739" rotation="0" />
    <pcbpin number="3" name="3" style="r80_30" originx="-108.26771653543" originy="60.039370078739" rotation="0" />
    <pcbpin number="4" name="4" style="r80_30" originx="-88.582677165353" originy="60.039370078739" rotation="0" />
    <pcbpin number="5" name="5" style="r80_30" originx="-68.897637795275" originy="60.039370078739" rotation="0" />
    <pcbpin number="6" name="6" style="r80_30" originx="-49.212598425196" originy="60.039370078739" rotation="0" />
    <pcbpin number="7" name="7" style="r80_30" originx="-29.527559055118" originy="60.039370078739" rotation="0" />
    <pcbpin number="8" name="8" style="r80_30" originx="-9.8425196850392" originy="60.039370078739" rotation="0" />
    <pcbpin number="9" name="9" style="r80_30" originx="9.8425196850392" originy="60.039370078739" rotation="0" />
    <pcbpin number="10" name="10" style="r80_30" originx="29.527559055118" originy="60.039370078739" rotation="0" />
    <pcbpin number="11" name="11" style="r80_30" originx="49.212598425196" originy="60.039370078739" rotation="0" />
    <pcbpin number="12" name="12" style="r80_30" originx="68.897637795275" originy="60.039370078739" rotation="0" />
    <pcbpin number="13" name="13" style="r80_30" originx="88.582677165353" originy="60.039370078739" rotation="0" />
    <pcbpin number="14" name="14" style="r80_30" originx="108.26771653543" originy="60.039370078739" rotation="0" />
    <pcbpin number="15" name="15" style="r80_30" originx="127.95275590551" originy="60.039370078739" rotation="0" />
    <pcbpin number="16" name="16" style="r80_30" originx="147.63779527559" originy="60.039370078739" rotation="0" />
    <pcbpin number="17" name="17" style="r80_40" originx="-187.00787401575" originy="-38.385826771653" rotation="0" />
    <pcbpin number="18" name="18" style="r80_40" originx="187.00787401575" originy="-38.385826771653" rotation="0" />
    <line layer="TOP_PLACE_BOUND" originx="-236.22047244094" originy="115.15748031496" endx="236.22047244094" endy="115.15748031496" width="3.9370078740157" />
    <line layer="TOP_PLACE_BOUND" originx="236.22047244094" originy="115.15748031496" endx="236.22047244094" endy="-99.409448818896" width="3.9370078740157" />
    <line layer="TOP_PLACE_BOUND" originx="236.22047244094" originy="-99.409448818896" endx="-236.22047244094" endy="-99.409448818896" width="3.9370078740157" />
    <line layer="TOP_PLACE_BOUND" originx="-236.22047244094" originy="-99.409448818896" endx="-236.22047244094" endy="115.15748031496" width="3.9370078740157" />
    <line layer="TOP_ASSEMBLY" originx="0" originy="60.039370078739" endx="196.85039370078" endy="60.039370078739" width="3.9370078740157" />
    <line layer="TOP_ASSEMBLY" originx="196.85039370078" originy="60.039370078739" endx="196.85039370078" endy="-34.448818897637" width="3.9370078740157" />
    <line layer="TOP_ASSEMBLY" originx="196.85039370078" originy="-34.448818897637" endx="187.00787401575" endy="-34.448818897637" width="3.9370078740157" />
    <line layer="TOP_ASSEMBLY" originx="187.00787401575" originy="-34.448818897637" endx="187.00787401575" endy="-60.039370078739" width="3.9370078740157" />
    <line layer="TOP_ASSEMBLY" originx="187.00787401575" originy="-60.039370078739" endx="-184.64566929134" endy="-60.039370078739" width="3.9370078740157" />
    <line layer="TOP_ASSEMBLY" originx="-184.64566929134" originy="-60.039370078739" endx="-184.64566929134" endy="-38.385826771653" width="3.9370078740157" />
    <line layer="TOP_ASSEMBLY" originx="-184.64566929134" originy="-38.385826771653" endx="-196.85039370078" endy="-38.385826771653" width="3.9370078740157" />
    <line layer="TOP_ASSEMBLY" originx="-196.85039370078" originy="-38.385826771653" endx="-196.85039370078" endy="60.039370078739" width="3.9370078740157" />
    <line layer="TOP_ASSEMBLY" originx="-196.85039370078" originy="60.039370078739" endx="0" endy="60.039370078739" width="3.9370078740157" />
    <line layer="TOP_SILKSCREEN" originx="-147.63779527559" originy="94.488188976377" endx="-147.63779527559" endy="94.488188976377" width="3.9370078740157" />
    <arc layer="TOP_SILKSCREEN" originx="-147.63779527559" originy="92.519685039369" startangle="90.0" sweepangle="180.0" radius="1.9685039370079" width="3.9370078740157" />
    <line layer="TOP_SILKSCREEN" originx="-147.63779527559" originy="90.551181102361" endx="-147.63779527559" endy="90.551181102361" width="3.9370078740157" />
    <arc layer="TOP_SILKSCREEN" originx="-147.63779527559" originy="92.519685039369" startangle="-90.0" sweepangle="180.0" radius="1.9685039370079" width="3.9370078740157" />
    <line layer="TOP_SILKSCREEN" originx="-165.35433070866" originy="60.039370078739" endx="-196.85039370078" endy="60.039370078739" width="7.8740157480314" />
    <line layer="TOP_SILKSCREEN" originx="-196.85039370078" originy="60.039370078739" endx="-196.85039370078" endy="-7.8740157480314" width="7.8740157480314" />
    <line layer="TOP_SILKSCREEN" originx="165.35433070866" originy="60.039370078739" endx="196.85039370078" endy="60.039370078739" width="7.8740157480314" />
    <line layer="TOP_SILKSCREEN" originx="196.85039370078" originy="60.039370078739" endx="196.85039370078" endy="-7.8740157480314" width="7.8740157480314" />
    <line layer="TOP_SILKSCREEN" originx="165.35433070866" originy="-60.039370078739" endx="-165.35433070866" endy="-60.039370078739" width="7.8740157480314" />
  </footprint>
  <symbol name="F3311A7H121016E200" originx="0" originy="0">
    <line originx="200" originy="100" endx="800" endy="100" width="0" />
    <line originx="800" originy="-1600" endx="800" endy="100" width="0" />
    <line originx="800" originy="-1600" endx="200" endy="-1600" width="0" />
    <line originx="200" originy="100" endx="200" endy="-1600" width="0" />
    <sympin number="1" originx="800" originy="0" rotation="0" length="100" width="7.8740157480315" flipped="False">
      <text name="pinname" originx="770" originy="0" style="Default" rotation="0" justify="right" flipped="False" hidden="False" data="1" />
      <text name="pindes" originx="860" originy="20" style="Default" rotation="0" justify="lowerleft" flipped="False" hidden="False" data="1" />
    </sympin>
    <sympin number="2" originx="800" originy="-100" rotation="0" length="100" width="7.8740157480315" flipped="False">
      <text name="pinname" originx="770" originy="-100" style="Default" rotation="0" justify="right" flipped="False" hidden="False" data="2" />
      <text name="pindes" originx="860" originy="-80" style="Default" rotation="0" justify="lowerleft" flipped="False" hidden="False" data="2" />
    </sympin>
    <sympin number="3" originx="800" originy="-200" rotation="0" length="100" width="7.8740157480315" flipped="False">
      <text name="pinname" originx="770" originy="-200" style="Default" rotation="0" justify="right" flipped="False" hidden="False" data="3" />
      <text name="pindes" originx="860" originy="-180" style="Default" rotation="0" justify="lowerleft" flipped="False" hidden="False" data="3" />
    </sympin>
    <sympin number="4" originx="800" originy="-300" rotation="0" length="100" width="7.8740157480315" flipped="False">
      <text name="pinname" originx="770" originy="-300" style="Default" rotation="0" justify="right" flipped="False" hidden="False" data="4" />
      <text name="pindes" originx="860" originy="-280" style="Default" rotation="0" justify="lowerleft" flipped="False" hidden="False" data="4" />
    </sympin>
    <sympin number="5" originx="800" originy="-400" rotation="0" length="100" width="7.8740157480315" flipped="False">
      <text name="pinname" originx="770" originy="-400" style="Default" rotation="0" justify="right" flipped="False" hidden="False" data="5" />
      <text name="pindes" originx="860" originy="-380" style="Default" rotation="0" justify="lowerleft" flipped="False" hidden="False" data="5" />
    </sympin>
    <sympin number="6" originx="800" originy="-500" rotation="0" length="100" width="7.8740157480315" flipped="False">
      <text name="pinname" originx="770" originy="-500" style="Default" rotation="0" justify="right" flipped="False" hidden="False" data="6" />
      <text name="pindes" originx="860" originy="-480" style="Default" rotation="0" justify="lowerleft" flipped="False" hidden="False" data="6" />
    </sympin>
    <sympin number="7" originx="800" originy="-600" rotation="0" length="100" width="7.8740157480315" flipped="False">
      <text name="pinname" originx="770" originy="-600" style="Default" rotation="0" justify="right" flipped="False" hidden="False" data="7" />
      <text name="pindes" originx="860" originy="-580" style="Default" rotation="0" justify="lowerleft" flipped="False" hidden="False" data="7" />
    </sympin>
    <sympin number="8" originx="800" originy="-700" rotation="0" length="100" width="7.8740157480315" flipped="False">
      <text name="pinname" originx="770" originy="-700" style="Default" rotation="0" justify="right" flipped="False" hidden="False" data="8" />
      <text name="pindes" originx="860" originy="-680" style="Default" rotation="0" justify="lowerleft" flipped="False" hidden="False" data="8" />
    </sympin>
    <sympin number="9" originx="800" originy="-800" rotation="0" length="100" width="7.8740157480315" flipped="False">
      <text name="pinname" originx="770" originy="-800" style="Default" rotation="0" justify="right" flipped="False" hidden="False" data="9" />
      <text name="pindes" originx="860" originy="-780" style="Default" rotation="0" justify="lowerleft" flipped="False" hidden="False" data="9" />
    </sympin>
    <sympin number="10" originx="800" originy="-900" rotation="0" length="100" width="7.8740157480315" flipped="False">
      <text name="pinname" originx="770" originy="-900" style="Default" rotation="0" justify="right" flipped="False" hidden="False" data="10" />
      <text name="pindes" originx="860" originy="-880" style="Default" rotation="0" justify="lowerleft" flipped="False" hidden="False" data="10" />
    </sympin>
    <sympin number="11" originx="800" originy="-1000" rotation="0" length="100" width="7.8740157480315" flipped="False">
      <text name="pinname" originx="770" originy="-1000" style="Default" rotation="0" justify="right" flipped="False" hidden="False" data="11" />
      <text name="pindes" originx="860" originy="-980" style="Default" rotation="0" justify="lowerleft" flipped="False" hidden="False" data="11" />
    </sympin>
    <sympin number="12" originx="800" originy="-1100" rotation="0" length="100" width="7.8740157480315" flipped="False">
      <text name="pinname" originx="770" originy="-1100" style="Default" rotation="0" justify="right" flipped="False" hidden="False" data="12" />
      <text name="pindes" originx="860" originy="-1080" style="Default" rotation="0" justify="lowerleft" flipped="False" hidden="False" data="12" />
    </sympin>
    <sympin number="13" originx="800" originy="-1200" rotation="0" length="100" width="7.8740157480315" flipped="False">
      <text name="pinname" originx="770" originy="-1200" style="Default" rotation="0" justify="right" flipped="False" hidden="False" data="13" />
      <text name="pindes" originx="860" originy="-1180" style="Default" rotation="0" justify="lowerleft" flipped="False" hidden="False" data="13" />
    </sympin>
    <sympin number="14" originx="800" originy="-1300" rotation="0" length="100" width="7.8740157480315" flipped="False">
      <text name="pinname" originx="770" originy="-1300" style="Default" rotation="0" justify="right" flipped="False" hidden="False" data="14" />
      <text name="pindes" originx="860" originy="-1280" style="Default" rotation="0" justify="lowerleft" flipped="False" hidden="False" data="14" />
    </sympin>
    <sympin number="15" originx="800" originy="-1400" rotation="0" length="100" width="7.8740157480315" flipped="False">
      <text name="pinname" originx="770" originy="-1400" style="Default" rotation="0" justify="right" flipped="False" hidden="False" data="15" />
      <text name="pindes" originx="860" originy="-1380" style="Default" rotation="0" justify="lowerleft" flipped="False" hidden="False" data="15" />
    </sympin>
    <sympin number="16" originx="800" originy="-1500" rotation="0" length="100" width="7.8740157480315" flipped="False">
      <text name="pinname" originx="770" originy="-1500" style="Default" rotation="0" justify="right" flipped="False" hidden="False" data="16" />
      <text name="pindes" originx="860" originy="-1480" style="Default" rotation="0" justify="lowerleft" flipped="False" hidden="False" data="16" />
    </sympin>
    <sympin number="17" originx="200" originy="0" rotation="180" length="100" width="7.8740157480315" flipped="False">
      <text name="pinname" originx="230" originy="0" style="Default" rotation="0" justify="left" flipped="False" hidden="False" data="MP1" />
      <text name="pindes" originx="140" originy="20" style="Default" rotation="0" justify="lowerright" flipped="False" hidden="False" data="17" />
    </sympin>
    <sympin number="18" originx="200" originy="-100" rotation="180" length="100" width="7.8740157480315" flipped="False">
      <text name="pinname" originx="230" originy="-100" style="Default" rotation="0" justify="left" flipped="False" hidden="False" data="MP2" />
      <text name="pindes" originx="140" originy="-80" style="Default" rotation="0" justify="lowerright" flipped="False" hidden="False" data="18" />
    </sympin>
  </symbol>
  <component name="F3311A7H121016E200" designatorprefix="J" height="44.094488188976" footprint="F3311A7H121016E200">
    <comppin designator="1" sympin="1" pinswap="0" gateswap="0" gate="1" group="1" side="" type="Any" name="1" />
    <comppin designator="2" sympin="2" pinswap="0" gateswap="0" gate="1" group="1" side="" type="Any" name="2" />
    <comppin designator="3" sympin="3" pinswap="0" gateswap="0" gate="1" group="1" side="" type="Any" name="3" />
    <comppin designator="4" sympin="4" pinswap="0" gateswap="0" gate="1" group="1" side="" type="Any" name="4" />
    <comppin designator="5" sympin="5" pinswap="0" gateswap="0" gate="1" group="1" side="" type="Any" name="5" />
    <comppin designator="6" sympin="6" pinswap="0" gateswap="0" gate="1" group="1" side="" type="Any" name="6" />
    <comppin designator="7" sympin="7" pinswap="0" gateswap="0" gate="1" group="1" side="" type="Any" name="7" />
    <comppin designator="8" sympin="8" pinswap="0" gateswap="0" gate="1" group="1" side="" type="Any" name="8" />
    <comppin designator="9" sympin="9" pinswap="0" gateswap="0" gate="1" group="1" side="" type="Any" name="9" />
    <comppin designator="10" sympin="10" pinswap="0" gateswap="0" gate="1" group="1" side="" type="Any" name="10" />
    <comppin designator="11" sympin="11" pinswap="0" gateswap="0" gate="1" group="1" side="" type="Any" name="11" />
    <comppin designator="12" sympin="12" pinswap="0" gateswap="0" gate="1" group="1" side="" type="Any" name="12" />
    <comppin designator="13" sympin="13" pinswap="0" gateswap="0" gate="1" group="1" side="" type="Any" name="13" />
    <comppin designator="14" sympin="14" pinswap="0" gateswap="0" gate="1" group="1" side="" type="Any" name="14" />
    <comppin designator="15" sympin="15" pinswap="0" gateswap="0" gate="1" group="1" side="" type="Any" name="15" />
    <comppin designator="16" sympin="16" pinswap="0" gateswap="0" gate="1" group="1" side="" type="Any" name="16" />
    <comppin designator="17" sympin="17" pinswap="0" gateswap="0" gate="1" group="1" side="" type="Any" name="MP1" />
    <comppin designator="18" sympin="18" pinswap="0" gateswap="0" gate="1" group="1" side="" type="Any" name="MP2" />
    <attached_symbol gate="1" name="F3311A7H121016E200" />
    <pinmap designator="1" footprintpin="1" />
    <pinmap designator="2" footprintpin="2" />
    <pinmap designator="3" footprintpin="3" />
    <pinmap designator="4" footprintpin="4" />
    <pinmap designator="5" footprintpin="5" />
    <pinmap designator="6" footprintpin="6" />
    <pinmap designator="7" footprintpin="7" />
    <pinmap designator="8" footprintpin="8" />
    <pinmap designator="9" footprintpin="9" />
    <pinmap designator="10" footprintpin="10" />
    <pinmap designator="11" footprintpin="11" />
    <pinmap designator="12" footprintpin="12" />
    <pinmap designator="13" footprintpin="13" />
    <pinmap designator="14" footprintpin="14" />
    <pinmap designator="15" footprintpin="15" />
    <pinmap designator="16" footprintpin="16" />
    <pinmap designator="17" footprintpin="17" />
    <pinmap designator="18" footprintpin="18" />
    <text name="Datasheet" originx="0" originy="0" style="Default" rotation="0" justify="" flipped="False" hidden="True" data="https://cdn.amphenol-cs.com/media/wysiwyg/files/drawing/f331.pdf" />
    <text name="Description" originx="0" originy="0" style="Default" rotation="0" justify="" flipped="False" hidden="True" data="Flex Connector, P=0.50mm, H=1.00mm, Right angle orientation, Flip type, ZIF, Double contact, point 16P" />
    <text name="Manufacturer_Name" originx="0" originy="0" style="Default" rotation="0" justify="" flipped="False" hidden="True" data="Amphenol Communications Solutions" />
    <text name="Manufacturer_Part_Number" originx="850" originy="200" style="Default" rotation="0" justify="left" flipped="False" hidden="False" data="F3311A7H121016E200" />
    <text name="Mouser Part Number" originx="0" originy="0" style="Default" rotation="0" justify="" flipped="False" hidden="True" data="649-311A7H121016E200" />
    <text name="Mouser Price/Stock" originx="0" originy="0" style="Default" rotation="0" justify="" flipped="False" hidden="True" data="https://www.mouser.co.uk/ProductDetail/Amphenol-Aorora/F3311A7H121016E200?qs=DPoM0jnrROVwLto3hGOm7g%3D%3D" />
    <text name="Arrow Part Number" originx="0" originy="0" style="Default" rotation="0" justify="" flipped="False" hidden="True" data="" />
    <text name="Arrow Price/Stock" originx="0" originy="0" style="Default" rotation="0" justify="" flipped="False" hidden="True" data="" />
  </component>
</quadcept_library>
