<?xml version="1.0" encoding="utf-8"?>
<!--/263376/1593335/2.50/7/3/Switch/-->
<quadcept_library>
  <setting unit="mil" />
  <textstyle name="Default" height="47.244094488189" strokewidth="7.8740157480315" charwidth="47.244094488189" />
  <textstyle name="Dimension" height="19.6850393700787" strokewidth="0" charwidth="19.6850393700787" />
  <textstyle name="H127W0635TH00762" height="50" strokewidth="3" charwidth="25" />
  <textstyle name="H15W15TH02" height="59.0551181102362" strokewidth="7.8740157480315" charwidth="59.0551181102362" />
  <padstyle name="c150_h100" surface="False" plated="True" isvia="False" nopaste="True" nomask="True" complex="False" holesize="39.370078740157">
    <padshape layer="TOP" shape="round" width="59.055118110235" height="59.055118110235" />
    <padshape layer="TOP_SOLDER_MASK" shape="round" width="66.929133858267" height="66.929133858267" />
    <padshape layer="INNER" shape="round" width="59.055118110235" height="59.055118110235" />
    <padshape layer="BOTTOM" shape="round" width="59.055118110235" height="59.055118110235" />
    <padshape layer="BOTTOM_SOLDER_MASK" shape="round" width="66.929133858267" height="66.929133858267" />
  </padstyle>
  <padstyle name="s150_h100" surface="False" plated="True" isvia="False" nopaste="True" nomask="True" complex="False" holesize="39.370078740157">
    <padshape layer="TOP" shape="square" width="59.055118110235" height="59.055118110235" />
    <padshape layer="TOP_SOLDER_MASK" shape="square" width="66.929133858267" height="66.929133858267" />
    <padshape layer="INNER" shape="square" width="59.055118110235" height="59.055118110235" />
    <padshape layer="BOTTOM" shape="square" width="59.055118110235" height="59.055118110235" />
    <padshape layer="BOTTOM_SOLDER_MASK" shape="square" width="66.929133858267" height="66.929133858267" />
  </padstyle>
  <padstyle name="c492_h328" surface="False" plated="True" isvia="False" nopaste="True" nomask="True" complex="False" holesize="129.13385826771">
    <padshape layer="TOP" shape="round" width="193.70078740157" height="193.70078740157" />
    <padshape layer="TOP_SOLDER_MASK" shape="round" width="201.5748031496" height="201.5748031496" />
    <padshape layer="INNER" shape="round" width="193.70078740157" height="193.70078740157" />
    <padshape layer="BOTTOM" shape="round" width="193.70078740157" height="193.70078740157" />
    <padshape layer="BOTTOM_SOLDER_MASK" shape="round" width="201.5748031496" height="201.5748031496" />
  </padstyle>
  <footprint name="PEC12R3220FS0024" originx="0" originy="0" pickpointx="0" pickpointy="0">
    <pcbpin number="1" name="1" style="s150_h100" originx="0" originy="0" rotation="90" />
    <pcbpin number="2" name="2" style="c150_h100" originx="196.85039370078" originy="0" rotation="90" />
    <pcbpin number="3" name="A1" style="c150_h100" originx="0" originy="-570.86614173228" rotation="90" />
    <pcbpin number="4" name="B1" style="c150_h100" originx="196.85039370078" originy="-570.86614173228" rotation="90" />
    <pcbpin number="5" name="C1" style="c150_h100" originx="98.425196850392" originy="-570.86614173228" rotation="90" />
    <pcbpin number="6" name="MH1" style="c492_h328" originx="-122.04724409449" originy="-275.5905511811" rotation="90" />
    <pcbpin number="7" name="MH2" style="c492_h328" originx="318.89763779527" originy="-275.5905511811" rotation="90" />
    <line layer="TOP_ASSEMBLY" originx="-145.66929133858" originy="-11.811023622047" endx="342.51968503937" endy="-11.811023622047" width="3.9370078740157" />
    <line layer="TOP_ASSEMBLY" originx="342.51968503937" originy="-11.811023622047" endx="342.51968503937" endy="-539.37007874015" width="3.9370078740157" />
    <line layer="TOP_ASSEMBLY" originx="342.51968503937" originy="-539.37007874015" endx="-145.66929133858" endy="-539.37007874015" width="3.9370078740157" />
    <line layer="TOP_ASSEMBLY" originx="-145.66929133858" originy="-539.37007874015" endx="-145.66929133858" endy="-11.811023622047" width="3.9370078740157" />
    <line layer="TOP_PLACE_BOUND" originx="-258.26771653543" originy="68.897637795275" endx="455.11811023621" endy="68.897637795275" width="3.9370078740157" />
    <line layer="TOP_PLACE_BOUND" originx="455.11811023621" originy="68.897637795275" endx="455.11811023621" endy="-639.76377952755" width="3.9370078740157" />
    <line layer="TOP_PLACE_BOUND" originx="455.11811023621" originy="-639.76377952755" endx="-258.26771653543" endy="-639.76377952755" width="3.9370078740157" />
    <line layer="TOP_PLACE_BOUND" originx="-258.26771653543" originy="-639.76377952755" endx="-258.26771653543" endy="68.897637795275" width="3.9370078740157" />
    <line layer="TOP_SILKSCREEN" originx="0" originy="47.244094488188" endx="0" endy="47.244094488188" width="3.9370078740157" />
    <arc layer="TOP_SILKSCREEN" originx="-2.7318479936642E-15" originy="45.275590551181" startangle="90.0" sweepangle="180.0" radius="1.9685039370078" width="3.9370078740157" />
    <line layer="TOP_SILKSCREEN" originx="0" originy="43.307086614173" endx="0" endy="43.307086614173" width="3.9370078740157" />
    <arc layer="TOP_SILKSCREEN" originx="-2.7318479936642E-15" originy="45.275590551181" startangle="-90.0" sweepangle="180.0" radius="1.9685039370078" width="3.9370078740157" />
    <line layer="TOP_SILKSCREEN" originx="244.09448818897" originy="-11.811023622047" endx="342.51968503937" endy="-11.811023622047" width="7.8740157480314" />
    <line layer="TOP_SILKSCREEN" originx="342.51968503937" originy="-11.811023622047" endx="342.51968503937" endy="-165.35433070866" width="7.8740157480314" />
    <line layer="TOP_SILKSCREEN" originx="-47.244094488188" originy="-11.811023622047" endx="-145.66929133858" endy="-11.811023622047" width="7.8740157480314" />
    <line layer="TOP_SILKSCREEN" originx="-145.66929133858" originy="-11.811023622047" endx="-145.66929133858" endy="-165.35433070866" width="7.8740157480314" />
    <line layer="TOP_SILKSCREEN" originx="-145.66929133858" originy="-385.82677165354" endx="-145.66929133858" endy="-539.37007874015" width="7.8740157480314" />
    <line layer="TOP_SILKSCREEN" originx="-145.66929133858" originy="-539.37007874015" endx="-31.496062992126" endy="-539.37007874015" width="7.8740157480314" />
    <line layer="TOP_SILKSCREEN" originx="342.51968503937" originy="-385.82677165354" endx="342.51968503937" endy="-539.37007874015" width="7.8740157480314" />
    <line layer="TOP_SILKSCREEN" originx="342.51968503937" originy="-539.37007874015" endx="228.34645669291" endy="-539.37007874015" width="7.8740157480314" />
  </footprint>
  <symbol name="PEC12R-3220F-S0024" originx="0" originy="0">
    <line originx="200" originy="400" endx="800" endy="400" width="0" />
    <line originx="800" originy="-700" endx="800" endy="400" width="0" />
    <line originx="800" originy="-700" endx="200" endy="-700" width="0" />
    <line originx="200" originy="400" endx="200" endy="-700" width="0" />
    <sympin number="1" originx="400" originy="400" rotation="90" length="100" width="7.8740157480315" flipped="False">
      <text name="pinname" originx="400" originy="370" style="Default" rotation="0" justify="right" flipped="False" hidden="False" data="COM" />
      <text name="pindes" originx="380" originy="460" style="Default" rotation="0" justify="lowerleft" flipped="False" hidden="False" data="1" />
    </sympin>
    <sympin number="2" originx="500" originy="400" rotation="90" length="100" width="7.8740157480315" flipped="False">
      <text name="pinname" originx="500" originy="370" style="Default" rotation="0" justify="right" flipped="False" hidden="False" data="NO" />
      <text name="pindes" originx="480" originy="460" style="Default" rotation="0" justify="lowerleft" flipped="False" hidden="False" data="2" />
    </sympin>
    <sympin number="3" originx="400" originy="-700" rotation="270" length="100" width="7.8740157480315" flipped="False">
      <text name="pinname" originx="400" originy="-670" style="Default" rotation="0" justify="left" flipped="False" hidden="False" data="CHANNEL_A" />
      <text name="pindes" originx="380" originy="-760" style="Default" rotation="0" justify="lowerright" flipped="False" hidden="False" data="A1" />
    </sympin>
    <sympin number="4" originx="600" originy="-700" rotation="270" length="100" width="7.8740157480315" flipped="False">
      <text name="pinname" originx="600" originy="-670" style="Default" rotation="0" justify="left" flipped="False" hidden="False" data="CHANNEL_B" />
      <text name="pindes" originx="580" originy="-760" style="Default" rotation="0" justify="lowerright" flipped="False" hidden="False" data="B1" />
    </sympin>
    <sympin number="5" originx="500" originy="-700" rotation="270" length="100" width="7.8740157480315" flipped="False">
      <text name="pinname" originx="500" originy="-670" style="Default" rotation="0" justify="left" flipped="False" hidden="False" data="COMMON" />
      <text name="pindes" originx="480" originy="-760" style="Default" rotation="0" justify="lowerright" flipped="False" hidden="False" data="C1" />
    </sympin>
    <sympin number="6" originx="200" originy="0" rotation="180" length="100" width="7.8740157480315" flipped="False">
      <text name="pinname" originx="230" originy="0" style="Default" rotation="0" justify="left" flipped="False" hidden="False" data="MH1" />
      <text name="pindes" originx="140" originy="20" style="Default" rotation="0" justify="lowerright" flipped="False" hidden="False" data="MH1" />
    </sympin>
    <sympin number="7" originx="800" originy="0" rotation="0" length="100" width="7.8740157480315" flipped="False">
      <text name="pinname" originx="770" originy="0" style="Default" rotation="0" justify="right" flipped="False" hidden="False" data="MH2" />
      <text name="pindes" originx="860" originy="20" style="Default" rotation="0" justify="lowerleft" flipped="False" hidden="False" data="MH2" />
    </sympin>
  </symbol>
  <component name="PEC12R-3220F-S0024" designatorprefix="S" height="885.82677165353" footprint="PEC12R3220FS0024">
    <comppin designator="1" sympin="1" pinswap="0" gateswap="0" gate="1" group="1" side="" type="Any" name="COM" />
    <comppin designator="2" sympin="2" pinswap="0" gateswap="0" gate="1" group="1" side="" type="Any" name="NO" />
    <comppin designator="A1" sympin="3" pinswap="0" gateswap="0" gate="1" group="1" side="" type="Any" name="CHANNEL_A" />
    <comppin designator="B1" sympin="4" pinswap="0" gateswap="0" gate="1" group="1" side="" type="Any" name="CHANNEL_B" />
    <comppin designator="C1" sympin="5" pinswap="0" gateswap="0" gate="1" group="1" side="" type="Any" name="COMMON" />
    <comppin designator="MH1" sympin="6" pinswap="0" gateswap="0" gate="1" group="1" side="" type="Any" name="MH1" />
    <comppin designator="MH2" sympin="7" pinswap="0" gateswap="0" gate="1" group="1" side="" type="Any" name="MH2" />
    <attached_symbol gate="1" name="PEC12R-3220F-S0024" />
    <pinmap designator="1" footprintpin="1" />
    <pinmap designator="2" footprintpin="2" />
    <pinmap designator="A1" footprintpin="3" />
    <pinmap designator="B1" footprintpin="4" />
    <pinmap designator="C1" footprintpin="5" />
    <pinmap designator="MH1" footprintpin="6" />
    <pinmap designator="MH2" footprintpin="7" />
    <text name="Datasheet" originx="0" originy="0" style="Default" rotation="0" justify="" flipped="False" hidden="True" data="https://www.bourns.com/docs/Product-Datasheets/PEC12R.pdf" />
    <text name="Description" originx="0" originy="0" style="Default" rotation="0" justify="" flipped="False" hidden="True" data="Encoders HORZ 24DET 24PULSE 20mm SHAFT SPST SW" />
    <text name="Manufacturer_Name" originx="0" originy="0" style="Default" rotation="0" justify="" flipped="False" hidden="True" data="Bourns" />
    <text name="Manufacturer_Part_Number" originx="850" originy="500" style="Default" rotation="0" justify="left" flipped="False" hidden="False" data="PEC12R-3220F-S0024" />
    <text name="Mouser Part Number" originx="0" originy="0" style="Default" rotation="0" justify="" flipped="False" hidden="True" data="652-PEC12R3220FS0024" />
    <text name="Mouser Price/Stock" originx="0" originy="0" style="Default" rotation="0" justify="" flipped="False" hidden="True" data="https://www.mouser.co.uk/ProductDetail/Bourns/PEC12R-3220F-S0024?qs=%252B9%2Fcbd0IE0Tm%252BWkxcjszVA%3D%3D" />
    <text name="Arrow Part Number" originx="0" originy="0" style="Default" rotation="0" justify="" flipped="False" hidden="True" data="PEC12R-3220F-S0024" />
    <text name="Arrow Price/Stock" originx="0" originy="0" style="Default" rotation="0" justify="" flipped="False" hidden="True" data="https://www.arrow.com/en/products/pec12r-3220f-s0024/bourns?region=nac" />
  </component>
</quadcept_library>
