<?xml version="1.0" encoding="utf-8"?>
<!--/2231550/1593335/2.50/4/2/Switch/-->
<quadcept_library>
  <setting unit="mil" />
  <textstyle name="Default" height="47.244094488189" strokewidth="7.8740157480315" charwidth="47.244094488189" />
  <textstyle name="Dimension" height="19.6850393700787" strokewidth="0" charwidth="19.6850393700787" />
  <textstyle name="H127W0635TH00762" height="50" strokewidth="3" charwidth="25" />
  <textstyle name="H15W15TH02" height="59.0551181102362" strokewidth="7.8740157480315" charwidth="59.0551181102362" />
  <padstyle name="r105_65" surface="True" plated="False" isvia="False" nopaste="False" nomask="True" complex="False" holesize="0">
    <padshape layer="TOP" shape="rectangle" width="25.590551181102" height="41.338582677165" />
    <padshape layer="TOP_SOLDER_MASK" shape="rectangle" width="33.464566929133" height="49.212598425196" />
    <padshape layer="TOP_SOLDER_PASTE" shape="rectangle" width="25.590551181102" height="41.338582677165" />
  </padstyle>
  <footprint name="434133025816" originx="0" originy="0" pickpointx="0" pickpointy="0">
    <pcbpin number="1" name="1" style="r105_65" originx="-81.692913385826" originy="42.322834645669" rotation="90" />
    <pcbpin number="2" name="2" style="r105_65" originx="81.692913385826" originy="42.322834645669" rotation="90" />
    <pcbpin number="3" name="3" style="r105_65" originx="-81.692913385826" originy="-42.322834645669" rotation="90" />
    <pcbpin number="4" name="4" style="r105_65" originx="81.692913385826" originy="-42.322834645669" rotation="90" />
    <line layer="TOP_ASSEMBLY" originx="-82.67716535433" originy="62.992125984251" endx="82.67716535433" endy="62.992125984251" width="3.9370078740157" />
    <line layer="TOP_ASSEMBLY" originx="82.67716535433" originy="62.992125984251" endx="82.67716535433" endy="-62.992125984251" width="3.9370078740157" />
    <line layer="TOP_ASSEMBLY" originx="82.67716535433" originy="-62.992125984251" endx="-82.67716535433" endy="-62.992125984251" width="3.9370078740157" />
    <line layer="TOP_ASSEMBLY" originx="-82.67716535433" originy="-62.992125984251" endx="-82.67716535433" endy="62.992125984251" width="3.9370078740157" />
    <line layer="TOP_PLACE_BOUND" originx="-141.73228346457" originy="102.36220472441" endx="141.73228346457" endy="102.36220472441" width="3.9370078740157" />
    <line layer="TOP_PLACE_BOUND" originx="141.73228346457" originy="102.36220472441" endx="141.73228346457" endy="-102.36220472441" width="3.9370078740157" />
    <line layer="TOP_PLACE_BOUND" originx="141.73228346457" originy="-102.36220472441" endx="-141.73228346457" endy="-102.36220472441" width="3.9370078740157" />
    <line layer="TOP_PLACE_BOUND" originx="-141.73228346457" originy="-102.36220472441" endx="-141.73228346457" endy="102.36220472441" width="3.9370078740157" />
    <line layer="TOP_SILKSCREEN" originx="-47.244094488188" originy="-62.992125984251" endx="47.244094488188" endy="-62.992125984251" width="7.8740157480314" />
    <line layer="TOP_SILKSCREEN" originx="-47.244094488188" originy="62.992125984251" endx="47.244094488188" endy="62.992125984251" width="7.8740157480314" />
    <line layer="TOP_SILKSCREEN" originx="-82.67716535433" originy="-15.748031496063" endx="-82.67716535433" endy="15.748031496063" width="7.8740157480314" />
    <line layer="TOP_SILKSCREEN" originx="82.67716535433" originy="-15.748031496063" endx="82.67716535433" endy="15.748031496063" width="7.8740157480314" />
    <line layer="TOP_SILKSCREEN" originx="-118.11023622047" originy="47.244094488188" endx="-118.11023622047" endy="47.244094488188" width="3.9370078740157" />
    <arc layer="TOP_SILKSCREEN" originx="-118.11023622047" originy="45.275590551181" startangle="90.0" sweepangle="180.0" radius="1.9685039370078" width="3.9370078740157" />
    <line layer="TOP_SILKSCREEN" originx="-118.11023622047" originy="43.307086614173" endx="-118.11023622047" endy="43.307086614173" width="3.9370078740157" />
    <arc layer="TOP_SILKSCREEN" originx="-118.11023622047" originy="45.275590551181" startangle="-90.0" sweepangle="180.0" radius="1.9685039370078" width="3.9370078740157" />
  </footprint>
  <symbol name="434133025816" originx="0" originy="0">
    <line originx="200" originy="100" endx="1000" endy="100" width="0" />
    <line originx="1000" originy="-200" endx="1000" endy="100" width="0" />
    <line originx="1000" originy="-200" endx="200" endy="-200" width="0" />
    <line originx="200" originy="100" endx="200" endy="-200" width="0" />
    <sympin number="1" originx="200" originy="0" rotation="180" length="100" width="7.8740157480315" flipped="False">
      <text name="pinname" originx="230" originy="0" style="Default" rotation="0" justify="left" flipped="False" hidden="False" data="NO_1" />
      <text name="pindes" originx="140" originy="20" style="Default" rotation="0" justify="lowerright" flipped="False" hidden="False" data="1" />
    </sympin>
    <sympin number="2" originx="1000" originy="0" rotation="0" length="100" width="7.8740157480315" flipped="False">
      <text name="pinname" originx="970" originy="0" style="Default" rotation="0" justify="right" flipped="False" hidden="False" data="NO_2" />
      <text name="pindes" originx="1060" originy="20" style="Default" rotation="0" justify="lowerleft" flipped="False" hidden="False" data="2" />
    </sympin>
    <sympin number="3" originx="200" originy="-100" rotation="180" length="100" width="7.8740157480315" flipped="False">
      <text name="pinname" originx="230" originy="-100" style="Default" rotation="0" justify="left" flipped="False" hidden="False" data="COM_1" />
      <text name="pindes" originx="140" originy="-80" style="Default" rotation="0" justify="lowerright" flipped="False" hidden="False" data="3" />
    </sympin>
    <sympin number="4" originx="1000" originy="-100" rotation="0" length="100" width="7.8740157480315" flipped="False">
      <text name="pinname" originx="970" originy="-100" style="Default" rotation="0" justify="right" flipped="False" hidden="False" data="COM_2" />
      <text name="pindes" originx="1060" originy="-80" style="Default" rotation="0" justify="lowerleft" flipped="False" hidden="False" data="4" />
    </sympin>
  </symbol>
  <component name="434133025816" designatorprefix="S" height="98.425196850392" footprint="434133025816">
    <comppin designator="1" sympin="1" pinswap="0" gateswap="0" gate="1" group="1" side="" type="Any" name="NO_1" />
    <comppin designator="2" sympin="2" pinswap="0" gateswap="0" gate="1" group="1" side="" type="Any" name="NO_2" />
    <comppin designator="3" sympin="3" pinswap="0" gateswap="0" gate="1" group="1" side="" type="Any" name="COM_1" />
    <comppin designator="4" sympin="4" pinswap="0" gateswap="0" gate="1" group="1" side="" type="Any" name="COM_2" />
    <attached_symbol gate="1" name="434133025816" />
    <pinmap designator="1" footprintpin="1" />
    <pinmap designator="2" footprintpin="2" />
    <pinmap designator="3" footprintpin="3" />
    <pinmap designator="4" footprintpin="4" />
    <text name="Datasheet" originx="0" originy="0" style="Default" rotation="0" justify="" flipped="False" hidden="True" data="https://www.we-online.com/components/products/download/3D_4341x30258x6 (rev1).pdf" />
    <text name="Description" originx="0" originy="0" style="Default" rotation="0" justify="" flipped="False" hidden="True" data="WS-TASV Tact Switch 4.2*3.2mm vertical type, J-Bend SMT, height 2.5mm, black actuator, 160gf, T&amp;R" />
    <text name="Manufacturer_Name" originx="0" originy="0" style="Default" rotation="0" justify="" flipped="False" hidden="True" data="Wurth Elektronik" />
    <text name="Manufacturer_Part_Number" originx="1050" originy="200" style="Default" rotation="0" justify="left" flipped="False" hidden="False" data="434133025816" />
    <text name="Mouser Part Number" originx="0" originy="0" style="Default" rotation="0" justify="" flipped="False" hidden="True" data="710-434133025816" />
    <text name="Mouser Price/Stock" originx="0" originy="0" style="Default" rotation="0" justify="" flipped="False" hidden="True" data="https://www.mouser.co.uk/ProductDetail/Wurth-Elektronik/434133025816?qs=sPbYRqrBIVmKpJ9kaO4kMw%3D%3D" />
    <text name="Arrow Part Number" originx="0" originy="0" style="Default" rotation="0" justify="" flipped="False" hidden="True" data="" />
    <text name="Arrow Price/Stock" originx="0" originy="0" style="Default" rotation="0" justify="" flipped="False" hidden="True" data="" />
  </component>
</quadcept_library>
